incident_id,timestamp,incident_text,ner_labels
1,2026-01-12T05:38:00,Passenger David Patel taken ill with suspected heart condition on board train at Derby. Ambulance requested via control. Reporting individual provided phone number 07409005613 and email address david.patel67@example.co.uk. Home postcode listed as B1 1TB. NI number noted as RP778899C.,PERSON:David Patel|STATION:Derby|STATION:Leeds|STATION:Peterborough|PHONE:07673463665|EMAIL:david.patel85@example.co.uk|POSTCODE:LS1 4DY|NI_NUMBER:RP778899C
2,2026-01-12T05:46:00,Trespassers reported walking along the track near Peterborough. CCTV reviewed and warning issued. Report logged by signaller Ahmed Khan. Reporting individual provided phone number 07852489167 and email address ahmed.khan16@example.co.uk. Home postcode listed as LS1 4DY. NI number noted as ZX554433A.,PERSON:Ahmed Khan|STATION:Peterborough|STATION:Edinburgh Waverley|STATION:Peterborough|PHONE:07154933703|EMAIL:ahmed.khan76@example.co.uk|POSTCODE:B1 1TB|NI_NUMBER:ZX554433A
3,2026-01-12T05:54:00,Blocked and leaking toilet caused flooding in carriage C on service to Glasgow Central. Reported by train manager Helen Murray. Reporting individual provided phone number 07109107346 and email address helen.murray6@example.co.uk. Home postcode listed as NG1 5FS. NI number noted as PL221133B.,PERSON:Helen Murray|STATION:Glasgow Central|STATION:Cambridge|STATION:Peterborough|PHONE:07648878227|EMAIL:helen.murray30@example.co.uk|POSTCODE:EH1 2NG|NI_NUMBER:PL221133B
4,2026-01-12T06:02:00,"Wheelchair ramp failure prevented boarding at Glasgow Central. Affected passenger was Robert Hayes, contact details recorded. Reporting individual provided phone number 07193304738 and email address robert.hayes72@example.co.uk. Home postcode listed as LS1 4DY. NI number noted as AA112233C.",PERSON:Robert Hayes|STATION:Glasgow Central|STATION:Oxford|STATION:Glasgow Central|PHONE:07476016157|EMAIL:robert.hayes75@example.co.uk|POSTCODE:LS1 4DY|NI_NUMBER:AA112233C
5,2026-01-12T06:10:00,Passenger Sarah Collins taken ill with suspected heart condition on board train at Leeds. Ambulance requested via control. Reporting individual provided phone number 07855582141 and email address sarah.collins17@example.co.uk. Home postcode listed as EH1 2NG. NI number noted as NX445566B.,PERSON:Sarah Collins|STATION:Leeds|STATION:Crewe|STATION:Glasgow Central|PHONE:07793551092|EMAIL:sarah.collins60@example.co.uk|POSTCODE:EH1 2NG|NI_NUMBER:NX445566B
6,2026-01-12T06:18:00,Unattended rucksack found under seat near carriage B at Manchester Piccadilly. Station partially evacuated as precaution. Reporting individual provided phone number 07797597893 and email address ahmed.khan96@example.co.uk. Home postcode listed as EH1 2NG. NI number noted as ZX554433A.,PERSON:Ahmed Khan|STATION:Manchester Piccadilly|STATION:Edinburgh Waverley|STATION:Crewe|PHONE:07641840160|EMAIL:ahmed.khan61@example.co.uk|POSTCODE:B1 1TB|NI_NUMBER:ZX554433A
7,2026-01-12T06:26:00,Trespassers reported walking along the track near Glasgow Central. CCTV reviewed and warning issued. Report logged by signaller Robert Hayes. Reporting individual provided phone number 07223756357 and email address robert.hayes34@example.co.uk. Home postcode listed as NG1 5FS. NI number noted as AA112233C.,PERSON:Robert Hayes|STATION:Glasgow Central|STATION:Leeds|STATION:London Waterloo|PHONE:07845179785|EMAIL:robert.hayes17@example.co.uk|POSTCODE:B1 1TB|NI_NUMBER:AA112233C
8,2026-01-12T06:34:00,Fatality on the line reported near Cambridge. Driver Tom Baker contacted control and stated a person was struck by the 06:42 service. BTP informed. Driver welfare call arranged. Reporting individual provided phone number 07948585119 and email address tom.baker79@example.co.uk. Home postcode listed as SW1A 1AA. NI number noted as HG667788C.,PERSON:Tom Baker|STATION:Cambridge|STATION:Manchester Piccadilly|STATION:Edinburgh Waverley|PHONE:07510552786|EMAIL:tom.baker71@example.co.uk|POSTCODE:M1 1AE|NI_NUMBER:HG667788C
9,2026-01-12T06:42:00,Passenger Laura White taken ill with suspected heart condition on board train at Edinburgh Waverley. Ambulance requested via control. Reporting individual provided phone number 07347562880 and email address laura.white73@example.co.uk. Home postcode listed as NG1 5FS. NI number noted as KM998877D.,PERSON:Laura White|STATION:Edinburgh Waverley|STATION:Bristol Temple Meads|STATION:Oxford|PHONE:07749058901|EMAIL:laura.white55@example.co.uk|POSTCODE:SW1A 1AA|NI_NUMBER:KM998877D
10,2026-01-12T06:50:00,"Wheelchair ramp failure prevented boarding at Crewe. Affected passenger was Ahmed Khan, contact details recorded. Reporting individual provided phone number 07624922072 and email address ahmed.khan96@example.co.uk. Home postcode listed as EH1 2NG. NI number noted as ZX554433A.",PERSON:Ahmed Khan|STATION:Crewe|STATION:Oxford|STATION:Nottingham|PHONE:07236217160|EMAIL:ahmed.khan39@example.co.uk|POSTCODE:NG1 5FS|NI_NUMBER:ZX554433A
11,2026-01-12T06:58:00,Fatality on the line reported near Nottingham. Driver Tom Baker contacted control and stated a person was struck by the 06:42 service. BTP informed. Driver welfare call arranged. Reporting individual provided phone number 07849741845 and email address tom.baker65@example.co.uk. Home postcode listed as B1 1TB. NI number noted as HG667788C.,PERSON:Tom Baker|STATION:Nottingham|STATION:Peterborough|STATION:Leeds|PHONE:07898588289|EMAIL:tom.baker85@example.co.uk|POSTCODE:EH1 2NG|NI_NUMBER:HG667788C
12,2026-01-12T07:06:00,Unattended rucksack found under seat near carriage B at Derby. Station partially evacuated as precaution. Reporting individual provided phone number 07979485457 and email address ahmed.khan97@example.co.uk. Home postcode listed as B1 1TB. NI number noted as ZX554433A.,PERSON:Ahmed Khan|STATION:Derby|STATION:Birmingham New Street|STATION:Crewe|PHONE:07580138719|EMAIL:ahmed.khan52@example.co.uk|POSTCODE:NG1 5FS|NI_NUMBER:ZX554433A
13,2026-01-12T07:14:00,Train café reported running out of sandwiches and bottled water on service approaching Nottingham. On-board supervisor Natalie Foster logged the issue. Reporting individual provided phone number 07461278799 and email address natalie.foster98@example.co.uk. Home postcode listed as M1 1AE. NI number noted as WE334455D.,PERSON:Natalie Foster|STATION:Nottingham|STATION:Reading|STATION:Exeter St Davids|PHONE:07662590803|EMAIL:natalie.foster12@example.co.uk|POSTCODE:M1 1AE|NI_NUMBER:WE334455D
14,2026-01-12T07:22:00,Trespassers reported walking along the track near York. CCTV reviewed and warning issued. Report logged by signaller Ahmed Khan. Reporting individual provided phone number 07531986760 and email address ahmed.khan95@example.co.uk. Home postcode listed as SW1A 1AA. NI number noted as ZX554433A.,PERSON:Ahmed Khan|STATION:York|STATION:Reading|STATION:Oxford|PHONE:07742705480|EMAIL:ahmed.khan38@example.co.uk|POSTCODE:M1 1AE|NI_NUMBER:ZX554433A
15,2026-01-12T07:30:00,Trespassers reported walking along the track near Doncaster. CCTV reviewed and warning issued. Report logged by signaller Natalie Foster. Reporting individual provided phone number 07911020322 and email address natalie.foster27@example.co.uk. Home postcode listed as EH1 2NG. NI number noted as WE334455D.,PERSON:Natalie Foster|STATION:Doncaster|STATION:Edinburgh Waverley|STATION:Glasgow Central|PHONE:07583980279|EMAIL:natalie.foster48@example.co.uk|POSTCODE:M1 1AE|NI_NUMBER:WE334455D
16,2026-01-12T07:38:00,Trespassers reported walking along the track near Exeter St Davids. CCTV reviewed and warning issued. Report logged by signaller Tom Baker. Reporting individual provided phone number 07849139824 and email address tom.baker99@example.co.uk. Home postcode listed as LS1 4DY. NI number noted as HG667788C.,PERSON:Tom Baker|STATION:Exeter St Davids|STATION:Cambridge|STATION:Derby|PHONE:07699393865|EMAIL:tom.baker15@example.co.uk|POSTCODE:LS1 4DY|NI_NUMBER:HG667788C
17,2026-01-12T07:46:00,Trespassers reported walking along the track near Leeds. CCTV reviewed and warning issued. Report logged by signaller Robert Hayes. Reporting individual provided phone number 07958609616 and email address robert.hayes28@example.co.uk. Home postcode listed as SW1A 1AA. NI number noted as AA112233C.,PERSON:Robert Hayes|STATION:Leeds|STATION:Doncaster|STATION:Leeds|PHONE:07934584455|EMAIL:robert.hayes45@example.co.uk|POSTCODE:EH1 2NG|NI_NUMBER:AA112233C
18,2026-01-12T07:54:00,Fatality on the line reported near Birmingham New Street. Driver Ahmed Khan contacted control and stated a person was struck by the 06:42 service. BTP informed. Driver welfare call arranged. Reporting individual provided phone number 07960710463 and email address ahmed.khan19@example.co.uk. Home postcode listed as M1 1AE. NI number noted as ZX554433A.,PERSON:Ahmed Khan|STATION:Birmingham New Street|STATION:York|STATION:Leeds|PHONE:07302732729|EMAIL:ahmed.khan53@example.co.uk|POSTCODE:NG1 5FS|NI_NUMBER:ZX554433A
19,2026-01-12T08:02:00,Violent conduct incident involving passenger Ahmed Khan who assaulted another customer on board service from London Waterloo to Reading. Police requested. Reporting individual provided phone number 07992993608 and email address ahmed.khan78@example.co.uk. Home postcode listed as M1 1AE. NI number noted as ZX554433A.,PERSON:Ahmed Khan|STATION:Birmingham New Street|STATION:London Waterloo|STATION:Reading|PHONE:07525363970|EMAIL:ahmed.khan5@example.co.uk|POSTCODE:EH1 2NG|NI_NUMBER:ZX554433A
20,2026-01-12T08:10:00,Unattended rucksack found under seat near carriage B at Oxford. Station partially evacuated as precaution. Reporting individual provided phone number 07929099196 and email address robert.hayes44@example.co.uk. Home postcode listed as SW1A 1AA. NI number noted as AA112233C.,PERSON:Robert Hayes|STATION:Oxford|STATION:Doncaster|STATION:Oxford|PHONE:07699430454|EMAIL:robert.hayes39@example.co.uk|POSTCODE:M1 1AE|NI_NUMBER:AA112233C
21,2026-01-12T08:18:00,Train café reported running out of sandwiches and bottled water on service approaching York. On-board supervisor Helen Murray logged the issue. Reporting individual provided phone number 07309235477 and email address helen.murray56@example.co.uk. Home postcode listed as B1 1TB. NI number noted as PL221133B.,PERSON:Helen Murray|STATION:York|STATION:Glasgow Central|STATION:Bristol Temple Meads|PHONE:07457862505|EMAIL:helen.murray28@example.co.uk|POSTCODE:B1 1TB|NI_NUMBER:PL221133B
22,2026-01-12T08:26:00,Fatality on the line reported near Edinburgh Waverley. Driver Emily Jones contacted control and stated a person was struck by the 06:42 service. BTP informed. Driver welfare call arranged. Reporting individual provided phone number 07282273356 and email address emily.jones86@example.co.uk. Home postcode listed as SW1A 1AA. NI number noted as AB987654D.,PERSON:Emily Jones|STATION:Edinburgh Waverley|STATION:Doncaster|STATION:Glasgow Central|PHONE:07722100856|EMAIL:emily.jones27@example.co.uk|POSTCODE:EH1 2NG|NI_NUMBER:AB987654D
23,2026-01-12T08:34:00,Trespassers reported walking along the track near Peterborough. CCTV reviewed and warning issued. Report logged by signaller Helen Murray. Reporting individual provided phone number 07279494643 and email address helen.murray27@example.co.uk. Home postcode listed as EH1 2NG. NI number noted as PL221133B.,PERSON:Helen Murray|STATION:Peterborough|STATION:Exeter St Davids|STATION:Cambridge|PHONE:07218517208|EMAIL:helen.murray43@example.co.uk|POSTCODE:LS1 4DY|NI_NUMBER:PL221133B
24,2026-01-12T08:42:00,"Wheelchair ramp failure prevented boarding at Cambridge. Affected passenger was Helen Murray, contact details recorded. Reporting individual provided phone number 07889320417 and email address helen.murray21@example.co.uk. Home postcode listed as B1 1TB. NI number noted as PL221133B.",PERSON:Helen Murray|STATION:Cambridge|STATION:Peterborough|STATION:Reading|PHONE:07942980150|EMAIL:helen.murray75@example.co.uk|POSTCODE:NG1 5FS|NI_NUMBER:PL221133B
25,2026-01-12T08:50:00,Violent conduct incident involving passenger Laura White who assaulted another customer on board service from Glasgow Central to Oxford. Police requested. Reporting individual provided phone number 07195878644 and email address laura.white26@example.co.uk. Home postcode listed as M1 1AE. NI number noted as KM998877D.,PERSON:Laura White|STATION:Leeds|STATION:Glasgow Central|STATION:Oxford|PHONE:07763746801|EMAIL:laura.white52@example.co.uk|POSTCODE:SW1A 1AA|NI_NUMBER:KM998877D
26,2026-01-12T08:58:00,Blocked and leaking toilet caused flooding in carriage C on service to Peterborough. Reported by train manager John Smith. Reporting individual provided phone number 07876201983 and email address john.smith87@example.co.uk. Home postcode listed as LS1 4DY. NI number noted as QQ123456C.,PERSON:John Smith|STATION:Peterborough|STATION:Peterborough|STATION:Glasgow Central|PHONE:07479103140|EMAIL:john.smith89@example.co.uk|POSTCODE:LS1 4DY|NI_NUMBER:QQ123456C
27,2026-01-12T09:06:00,Unattended rucksack found under seat near carriage B at Birmingham New Street. Station partially evacuated as precaution. Reporting individual provided phone number 07247233343 and email address helen.murray58@example.co.uk. Home postcode listed as B1 1TB. NI number noted as PL221133B.,PERSON:Helen Murray|STATION:Birmingham New Street|STATION:Doncaster|STATION:London Waterloo|PHONE:07339686221|EMAIL:helen.murray37@example.co.uk|POSTCODE:NG1 5FS|NI_NUMBER:PL221133B
28,2026-01-12T09:14:00,Blocked and leaking toilet caused flooding in carriage C on service to Nottingham. Reported by train manager David Patel. Reporting individual provided phone number 07619004697 and email address david.patel8@example.co.uk. Home postcode listed as M1 1AE. NI number noted as RP778899C.,PERSON:David Patel|STATION:Nottingham|STATION:Cambridge|STATION:London Waterloo|PHONE:07443388914|EMAIL:david.patel5@example.co.uk|POSTCODE:LS1 4DY|NI_NUMBER:RP778899C
29,2026-01-12T09:22:00,"Wheelchair ramp failure prevented boarding at Cambridge. Affected passenger was Michael O'Connor, contact details recorded. Reporting individual provided phone number 07121251164 and email address michael.oconnor45@example.co.uk. Home postcode listed as SW1A 1AA. NI number noted as JT112233A.",PERSON:Michael O'Connor|STATION:Cambridge|STATION:London Waterloo|STATION:Cambridge|PHONE:07322681620|EMAIL:michael.oconnor82@example.co.uk|POSTCODE:SW1A 1AA|NI_NUMBER:JT112233A
30,2026-01-12T09:30:00,Trespassers reported walking along the track near London Waterloo. CCTV reviewed and warning issued. Report logged by signaller Tom Baker. Reporting individual provided phone number 07511137196 and email address tom.baker58@example.co.uk. Home postcode listed as NG1 5FS. NI number noted as HG667788C.,PERSON:Tom Baker|STATION:London Waterloo|STATION:Reading|STATION:Cambridge|PHONE:07445021647|EMAIL:tom.baker79@example.co.uk|POSTCODE:LS1 4DY|NI_NUMBER:HG667788C
31,2026-01-12T09:38:00,Violent conduct incident involving passenger Karen Brown who assaulted another customer on board service from York to Exeter St Davids. Police requested. Reporting individual provided phone number 07929922065 and email address karen.brown39@example.co.uk. Home postcode listed as EH1 2NG. NI number noted as BB445566D.,PERSON:Karen Brown|STATION:Doncaster|STATION:York|STATION:Exeter St Davids|PHONE:07575459239|EMAIL:karen.brown9@example.co.uk|POSTCODE:NG1 5FS|NI_NUMBER:BB445566D
32,2026-01-12T09:46:00,"Wheelchair ramp failure prevented boarding at York. Affected passenger was Robert Hayes, contact details recorded. Reporting individual provided phone number 07500542903 and email address robert.hayes4@example.co.uk. Home postcode listed as NG1 5FS. NI number noted as AA112233C.",PERSON:Robert Hayes|STATION:York|STATION:London Waterloo|STATION:Oxford|PHONE:07815942274|EMAIL:robert.hayes19@example.co.uk|POSTCODE:SW1A 1AA|NI_NUMBER:AA112233C
33,2026-01-12T09:54:00,Train café reported running out of sandwiches and bottled water on service approaching Leeds. On-board supervisor Helen Murray logged the issue. Reporting individual provided phone number 07806559029 and email address helen.murray87@example.co.uk. Home postcode listed as NG1 5FS. NI number noted as PL221133B.,PERSON:Helen Murray|STATION:Leeds|STATION:Crewe|STATION:Crewe|PHONE:07445907996|EMAIL:helen.murray35@example.co.uk|POSTCODE:EH1 2NG|NI_NUMBER:PL221133B
34,2026-01-12T10:02:00,"Wheelchair ramp failure prevented boarding at Glasgow Central. Affected passenger was Karen Brown, contact details recorded. Reporting individual provided phone number 07482234276 and email address karen.brown21@example.co.uk. Home postcode listed as M1 1AE. NI number noted as BB445566D.",PERSON:Karen Brown|STATION:Glasgow Central|STATION:Derby|STATION:Bristol Temple Meads|PHONE:07975577789|EMAIL:karen.brown3@example.co.uk|POSTCODE:M1 1AE|NI_NUMBER:BB445566D
35,2026-01-12T10:10:00,Unattended rucksack found under seat near carriage B at Manchester Piccadilly. Station partially evacuated as precaution. Reporting individual provided phone number 07183008368 and email address emily.jones95@example.co.uk. Home postcode listed as EH1 2NG. NI number noted as AB987654D.,PERSON:Emily Jones|STATION:Manchester Piccadilly|STATION:Birmingham New Street|STATION:Glasgow Central|PHONE:07683644209|EMAIL:emily.jones58@example.co.uk|POSTCODE:SW1A 1AA|NI_NUMBER:AB987654D
36,2026-01-12T10:18:00,Passenger Tom Baker taken ill with suspected heart condition on board train at York. Ambulance requested via control. Reporting individual provided phone number 07336369164 and email address tom.baker6@example.co.uk. Home postcode listed as SW1A 1AA. NI number noted as HG667788C.,PERSON:Tom Baker|STATION:York|STATION:Cambridge|STATION:Cambridge|PHONE:07545614996|EMAIL:tom.baker37@example.co.uk|POSTCODE:LS1 4DY|NI_NUMBER:HG667788C
37,2026-01-12T10:26:00,Fatality on the line reported near Doncaster. Driver Robert Hayes contacted control and stated a person was struck by the 06:42 service. BTP informed. Driver welfare call arranged. Reporting individual provided phone number 07687115173 and email address robert.hayes11@example.co.uk. Home postcode listed as B1 1TB. NI number noted as AA112233C.,PERSON:Robert Hayes|STATION:Doncaster|STATION:London Waterloo|STATION:Birmingham New Street|PHONE:07958545830|EMAIL:robert.hayes3@example.co.uk|POSTCODE:EH1 2NG|NI_NUMBER:AA112233C
38,2026-01-12T10:34:00,Passenger Sarah Collins taken ill with suspected heart condition on board train at Bristol Temple Meads. Ambulance requested via control. Reporting individual provided phone number 07719448241 and email address sarah.collins92@example.co.uk. Home postcode listed as B1 1TB. NI number noted as NX445566B.,PERSON:Sarah Collins|STATION:Bristol Temple Meads|STATION:Bristol Temple Meads|STATION:Crewe|PHONE:07176633941|EMAIL:sarah.collins17@example.co.uk|POSTCODE:EH1 2NG|NI_NUMBER:NX445566B
39,2026-01-12T10:42:00,Blocked and leaking toilet caused flooding in carriage C on service to London Waterloo. Reported by train manager Natalie Foster. Reporting individual provided phone number 07252162498 and email address natalie.foster61@example.co.uk. Home postcode listed as NG1 5FS. NI number noted as WE334455D.,PERSON:Natalie Foster|STATION:London Waterloo|STATION:Exeter St Davids|STATION:Derby|PHONE:07833883683|EMAIL:natalie.foster1@example.co.uk|POSTCODE:SW1A 1AA|NI_NUMBER:WE334455D
40,2026-01-12T10:50:00,Fare evasion incident where passenger Michael O'Connor presented an expired Railcard and became verbally abusive at Glasgow Central. Reporting individual provided phone number 07953593412 and email address michael.oconnor7@example.co.uk. Home postcode listed as SW1A 1AA. NI number noted as JT112233A.,PERSON:Michael O'Connor|STATION:Glasgow Central|STATION:Oxford|STATION:Birmingham New Street|PHONE:07369447846|EMAIL:michael.oconnor49@example.co.uk|POSTCODE:SW1A 1AA|NI_NUMBER:JT112233A
41,2026-01-12T10:58:00,Violent conduct incident involving passenger Sarah Collins who assaulted another customer on board service from York to Oxford. Police requested. Reporting individual provided phone number 07148911733 and email address sarah.collins12@example.co.uk. Home postcode listed as M1 1AE. NI number noted as NX445566B.,PERSON:Sarah Collins|STATION:Peterborough|STATION:York|STATION:Oxford|PHONE:07426261739|EMAIL:sarah.collins66@example.co.uk|POSTCODE:NG1 5FS|NI_NUMBER:NX445566B
42,2026-01-12T11:06:00,"Wheelchair ramp failure prevented boarding at Edinburgh Waverley. Affected passenger was Robert Hayes, contact details recorded. Reporting individual provided phone number 07382714253 and email address robert.hayes88@example.co.uk. Home postcode listed as M1 1AE. NI number noted as AA112233C.",PERSON:Robert Hayes|STATION:Edinburgh Waverley|STATION:Doncaster|STATION:York|PHONE:07302547877|EMAIL:robert.hayes88@example.co.uk|POSTCODE:M1 1AE|NI_NUMBER:AA112233C
43,2026-01-12T11:14:00,Violent conduct incident involving passenger Michael O'Connor who assaulted another customer on board service from Bristol Temple Meads to Edinburgh Waverley. Police requested. Reporting individual provided phone number 07358924552 and email address michael.oconnor1@example.co.uk. Home postcode listed as SW1A 1AA. NI number noted as JT112233A.,PERSON:Michael O'Connor|STATION:Birmingham New Street|STATION:Bristol Temple Meads|STATION:Edinburgh Waverley|PHONE:07965352813|EMAIL:michael.oconnor61@example.co.uk|POSTCODE:NG1 5FS|NI_NUMBER:JT112233A
44,2026-01-12T11:22:00,Passenger Helen Murray taken ill with suspected heart condition on board train at Oxford. Ambulance requested via control. Reporting individual provided phone number 07911627860 and email address helen.murray17@example.co.uk. Home postcode listed as M1 1AE. NI number noted as PL221133B.,PERSON:Helen Murray|STATION:Oxford|STATION:Crewe|STATION:Derby|PHONE:07891294222|EMAIL:helen.murray46@example.co.uk|POSTCODE:LS1 4DY|NI_NUMBER:PL221133B
45,2026-01-12T11:30:00,Signal failure at Bristol Temple Meads causing widespread delays. Fault reported by technician Tom Baker. Reporting individual provided phone number 07609404417 and email address tom.baker42@example.co.uk. Home postcode listed as NG1 5FS. NI number noted as HG667788C.,PERSON:Tom Baker|STATION:Bristol Temple Meads|STATION:Derby|STATION:London Waterloo|PHONE:07396686179|EMAIL:tom.baker90@example.co.uk|POSTCODE:SW1A 1AA|NI_NUMBER:HG667788C
46,2026-01-12T11:38:00,Unattended rucksack found under seat near carriage B at Doncaster. Station partially evacuated as precaution. Reporting individual provided phone number 07431812604 and email address natalie.foster43@example.co.uk. Home postcode listed as EH1 2NG. NI number noted as WE334455D.,PERSON:Natalie Foster|STATION:Doncaster|STATION:Birmingham New Street|STATION:Glasgow Central|PHONE:07895737946|EMAIL:natalie.foster78@example.co.uk|POSTCODE:SW1A 1AA|NI_NUMBER:WE334455D
47,2026-01-12T11:46:00,Blocked and leaking toilet caused flooding in carriage C on service to Derby. Reported by train manager Helen Murray. Reporting individual provided phone number 07136469108 and email address helen.murray29@example.co.uk. Home postcode listed as NG1 5FS. NI number noted as PL221133B.,PERSON:Helen Murray|STATION:Derby|STATION:London Waterloo|STATION:Leeds|PHONE:07838711007|EMAIL:helen.murray33@example.co.uk|POSTCODE:EH1 2NG|NI_NUMBER:PL221133B
48,2026-01-12T11:54:00,Violent conduct incident involving passenger Tom Baker who assaulted another customer on board service from York to Cambridge. Police requested. Reporting individual provided phone number 07202771802 and email address tom.baker93@example.co.uk. Home postcode listed as LS1 4DY. NI number noted as HG667788C.,PERSON:Tom Baker|STATION:Birmingham New Street|STATION:York|STATION:Cambridge|PHONE:07538708806|EMAIL:tom.baker27@example.co.uk|POSTCODE:M1 1AE|NI_NUMBER:HG667788C
49,2026-01-12T12:02:00,Violent conduct incident involving passenger David Patel who assaulted another customer on board service from Derby to Reading. Police requested. Reporting individual provided phone number 07219703736 and email address david.patel97@example.co.uk. Home postcode listed as M1 1AE. NI number noted as RP778899C.,PERSON:David Patel|STATION:Derby|STATION:Derby|STATION:Reading|PHONE:07497282212|EMAIL:david.patel50@example.co.uk|POSTCODE:EH1 2NG|NI_NUMBER:RP778899C
50,2026-01-12T12:10:00,Signal failure at Bristol Temple Meads causing widespread delays. Fault reported by technician John Smith. Reporting individual provided phone number 07247416321 and email address john.smith45@example.co.uk. Home postcode listed as B1 1TB. NI number noted as QQ123456C.,PERSON:John Smith|STATION:Bristol Temple Meads|STATION:Birmingham New Street|STATION:Nottingham|PHONE:07158099497|EMAIL:john.smith91@example.co.uk|POSTCODE:M1 1AE|NI_NUMBER:QQ123456C
51,2026-01-12T12:18:00,Fare evasion incident where passenger Natalie Foster presented an expired Railcard and became verbally abusive at Glasgow Central. Reporting individual provided phone number 07949884811 and email address natalie.foster8@example.co.uk. Home postcode listed as EH1 2NG. NI number noted as WE334455D.,PERSON:Natalie Foster|STATION:Glasgow Central|STATION:London Waterloo|STATION:Doncaster|PHONE:07350968071|EMAIL:natalie.foster82@example.co.uk|POSTCODE:NG1 5FS|NI_NUMBER:WE334455D
52,2026-01-12T12:26:00,Violent conduct incident involving passenger Helen Murray who assaulted another customer on board service from York to Oxford. Police requested. Reporting individual provided phone number 07831219208 and email address helen.murray63@example.co.uk. Home postcode listed as LS1 4DY. NI number noted as PL221133B.,PERSON:Helen Murray|STATION:York|STATION:York|STATION:Oxford|PHONE:07761763162|EMAIL:helen.murray76@example.co.uk|POSTCODE:NG1 5FS|NI_NUMBER:PL221133B
53,2026-01-12T12:34:00,Signal failure at Derby causing widespread delays. Fault reported by technician Michael O'Connor. Reporting individual provided phone number 07375026490 and email address michael.oconnor21@example.co.uk. Home postcode listed as M1 1AE. NI number noted as JT112233A.,PERSON:Michael O'Connor|STATION:Derby|STATION:Leeds|STATION:Bristol Temple Meads|PHONE:07406629626|EMAIL:michael.oconnor41@example.co.uk|POSTCODE:M1 1AE|NI_NUMBER:JT112233A
54,2026-01-12T12:42:00,Unattended rucksack found under seat near carriage B at Glasgow Central. Station partially evacuated as precaution. Reporting individual provided phone number 07932993902 and email address john.smith2@example.co.uk. Home postcode listed as M1 1AE. NI number noted as QQ123456C.,PERSON:John Smith|STATION:Glasgow Central|STATION:Oxford|STATION:Glasgow Central|PHONE:07218895635|EMAIL:john.smith99@example.co.uk|POSTCODE:SW1A 1AA|NI_NUMBER:QQ123456C
55,2026-01-12T12:50:00,Violent conduct incident involving passenger Ahmed Khan who assaulted another customer on board service from Crewe to York. Police requested. Reporting individual provided phone number 07496958937 and email address ahmed.khan97@example.co.uk. Home postcode listed as SW1A 1AA. NI number noted as ZX554433A.,PERSON:Ahmed Khan|STATION:Manchester Piccadilly|STATION:Crewe|STATION:York|PHONE:07578234624|EMAIL:ahmed.khan13@example.co.uk|POSTCODE:SW1A 1AA|NI_NUMBER:ZX554433A
56,2026-01-12T12:58:00,Violent conduct incident involving passenger Ahmed Khan who assaulted another customer on board service from Crewe to Birmingham New Street. Police requested. Reporting individual provided phone number 07853940648 and email address ahmed.khan15@example.co.uk. Home postcode listed as NG1 5FS. NI number noted as ZX554433A.,PERSON:Ahmed Khan|STATION:Leeds|STATION:Crewe|STATION:Birmingham New Street|PHONE:07665384461|EMAIL:ahmed.khan59@example.co.uk|POSTCODE:M1 1AE|NI_NUMBER:ZX554433A
57,2026-01-12T13:06:00,Passenger Karen Brown taken ill with suspected heart condition on board train at Nottingham. Ambulance requested via control. Reporting individual provided phone number 07455533572 and email address karen.brown92@example.co.uk. Home postcode listed as M1 1AE. NI number noted as BB445566D.,PERSON:Karen Brown|STATION:Nottingham|STATION:Edinburgh Waverley|STATION:Manchester Piccadilly|PHONE:07102046211|EMAIL:karen.brown61@example.co.uk|POSTCODE:LS1 4DY|NI_NUMBER:BB445566D
58,2026-01-12T13:14:00,Fare evasion incident where passenger John Smith presented an expired Railcard and became verbally abusive at Oxford. Reporting individual provided phone number 07451664201 and email address john.smith69@example.co.uk. Home postcode listed as EH1 2NG. NI number noted as QQ123456C.,PERSON:John Smith|STATION:Oxford|STATION:Nottingham|STATION:Oxford|PHONE:07916597823|EMAIL:john.smith73@example.co.uk|POSTCODE:B1 1TB|NI_NUMBER:QQ123456C
59,2026-01-12T13:22:00,Passenger David Patel taken ill with suspected heart condition on board train at Leeds. Ambulance requested via control. Reporting individual provided phone number 07528609217 and email address david.patel53@example.co.uk. Home postcode listed as NG1 5FS. NI number noted as RP778899C.,PERSON:David Patel|STATION:Leeds|STATION:Birmingham New Street|STATION:Peterborough|PHONE:07176626198|EMAIL:david.patel13@example.co.uk|POSTCODE:B1 1TB|NI_NUMBER:RP778899C
60,2026-01-12T13:30:00,Fare evasion incident where passenger Emily Jones presented an expired Railcard and became verbally abusive at Exeter St Davids. Reporting individual provided phone number 07645821045 and email address emily.jones55@example.co.uk. Home postcode listed as NG1 5FS. NI number noted as AB987654D.,PERSON:Emily Jones|STATION:Exeter St Davids|STATION:Glasgow Central|STATION:Crewe|PHONE:07598440643|EMAIL:emily.jones26@example.co.uk|POSTCODE:SW1A 1AA|NI_NUMBER:AB987654D
61,2026-01-12T13:38:00,Violent conduct incident involving passenger David Patel who assaulted another customer on board service from Bristol Temple Meads to Glasgow Central. Police requested. Reporting individual provided phone number 07827144198 and email address david.patel80@example.co.uk. Home postcode listed as NG1 5FS. NI number noted as RP778899C.,PERSON:David Patel|STATION:Doncaster|STATION:Bristol Temple Meads|STATION:Glasgow Central|PHONE:07362297041|EMAIL:david.patel3@example.co.uk|POSTCODE:EH1 2NG|NI_NUMBER:RP778899C
62,2026-01-12T13:46:00,Violent conduct incident involving passenger Tom Baker who assaulted another customer on board service from York to London Waterloo. Police requested. Reporting individual provided phone number 07818619017 and email address tom.baker99@example.co.uk. Home postcode listed as NG1 5FS. NI number noted as HG667788C.,PERSON:Tom Baker|STATION:Derby|STATION:York|STATION:London Waterloo|PHONE:07930334908|EMAIL:tom.baker28@example.co.uk|POSTCODE:LS1 4DY|NI_NUMBER:HG667788C
63,2026-01-12T13:54:00,"Wheelchair ramp failure prevented boarding at Derby. Affected passenger was John Smith, contact details recorded. Reporting individual provided phone number 07557397034 and email address john.smith24@example.co.uk. Home postcode listed as SW1A 1AA. NI number noted as QQ123456C.",PERSON:John Smith|STATION:Derby|STATION:Nottingham|STATION:Exeter St Davids|PHONE:07404895917|EMAIL:john.smith23@example.co.uk|POSTCODE:SW1A 1AA|NI_NUMBER:QQ123456C
64,2026-01-12T14:02:00,Passenger Laura White taken ill with suspected heart condition on board train at Edinburgh Waverley. Ambulance requested via control. Reporting individual provided phone number 07598188760 and email address laura.white84@example.co.uk. Home postcode listed as NG1 5FS. NI number noted as KM998877D.,PERSON:Laura White|STATION:Edinburgh Waverley|STATION:Doncaster|STATION:Bristol Temple Meads|PHONE:07839454334|EMAIL:laura.white98@example.co.uk|POSTCODE:SW1A 1AA|NI_NUMBER:KM998877D
65,2026-01-12T14:10:00,Unattended rucksack found under seat near carriage B at Manchester Piccadilly. Station partially evacuated as precaution. Reporting individual provided phone number 07904776470 and email address michael.oconnor81@example.co.uk. Home postcode listed as B1 1TB. NI number noted as JT112233A.,PERSON:Michael O'Connor|STATION:Manchester Piccadilly|STATION:Bristol Temple Meads|STATION:Cambridge|PHONE:07456042834|EMAIL:michael.oconnor45@example.co.uk|POSTCODE:SW1A 1AA|NI_NUMBER:JT112233A
66,2026-01-12T14:18:00,Train café reported running out of sandwiches and bottled water on service approaching Bristol Temple Meads. On-board supervisor Sarah Collins logged the issue. Reporting individual provided phone number 07839640418 and email address sarah.collins93@example.co.uk. Home postcode listed as B1 1TB. NI number noted as NX445566B.,PERSON:Sarah Collins|STATION:Bristol Temple Meads|STATION:Crewe|STATION:Derby|PHONE:07604092308|EMAIL:sarah.collins11@example.co.uk|POSTCODE:M1 1AE|NI_NUMBER:NX445566B
67,2026-01-12T14:26:00,Signal failure at Leeds causing widespread delays. Fault reported by technician David Patel. Reporting individual provided phone number 07837496786 and email address david.patel79@example.co.uk. Home postcode listed as B1 1TB. NI number noted as RP778899C.,PERSON:David Patel|STATION:Leeds|STATION:Reading|STATION:Exeter St Davids|PHONE:07267913797|EMAIL:david.patel98@example.co.uk|POSTCODE:EH1 2NG|NI_NUMBER:RP778899C
68,2026-01-12T14:34:00,Fatality on the line reported near Birmingham New Street. Driver Natalie Foster contacted control and stated a person was struck by the 06:42 service. BTP informed. Driver welfare call arranged. Reporting individual provided phone number 07101442953 and email address natalie.foster86@example.co.uk. Home postcode listed as M1 1AE. NI number noted as WE334455D.,PERSON:Natalie Foster|STATION:Birmingham New Street|STATION:Bristol Temple Meads|STATION:York|PHONE:07673836171|EMAIL:natalie.foster29@example.co.uk|POSTCODE:SW1A 1AA|NI_NUMBER:WE334455D
69,2026-01-12T14:42:00,Trespassers reported walking along the track near Oxford. CCTV reviewed and warning issued. Report logged by signaller Natalie Foster. Reporting individual provided phone number 07972881309 and email address natalie.foster52@example.co.uk. Home postcode listed as LS1 4DY. NI number noted as WE334455D.,PERSON:Natalie Foster|STATION:Oxford|STATION:Crewe|STATION:Bristol Temple Meads|PHONE:07852878580|EMAIL:natalie.foster69@example.co.uk|POSTCODE:LS1 4DY|NI_NUMBER:WE334455D
70,2026-01-12T14:50:00,Passenger Laura White taken ill with suspected heart condition on board train at Cambridge. Ambulance requested via control. Reporting individual provided phone number 07153817435 and email address laura.white71@example.co.uk. Home postcode listed as M1 1AE. NI number noted as KM998877D.,PERSON:Laura White|STATION:Cambridge|STATION:Exeter St Davids|STATION:Oxford|PHONE:07426811410|EMAIL:laura.white25@example.co.uk|POSTCODE:NG1 5FS|NI_NUMBER:KM998877D
71,2026-01-12T14:58:00,Signal failure at Cambridge causing widespread delays. Fault reported by technician Helen Murray. Reporting individual provided phone number 07498211181 and email address helen.murray58@example.co.uk. Home postcode listed as NG1 5FS. NI number noted as PL221133B.,PERSON:Helen Murray|STATION:Cambridge|STATION:Edinburgh Waverley|STATION:Doncaster|PHONE:07489129942|EMAIL:helen.murray28@example.co.uk|POSTCODE:EH1 2NG|NI_NUMBER:PL221133B
72,2026-01-12T15:06:00,Trespassers reported walking along the track near Edinburgh Waverley. CCTV reviewed and warning issued. Report logged by signaller Michael O'Connor. Reporting individual provided phone number 07313136564 and email address michael.oconnor38@example.co.uk. Home postcode listed as SW1A 1AA. NI number noted as JT112233A.,PERSON:Michael O'Connor|STATION:Edinburgh Waverley|STATION:Reading|STATION:Bristol Temple Meads|PHONE:07111057640|EMAIL:michael.oconnor81@example.co.uk|POSTCODE:SW1A 1AA|NI_NUMBER:JT112233A
73,2026-01-12T15:14:00,Trespassers reported walking along the track near Peterborough. CCTV reviewed and warning issued. Report logged by signaller Ahmed Khan. Reporting individual provided phone number 07250820004 and email address ahmed.khan42@example.co.uk. Home postcode listed as EH1 2NG. NI number noted as ZX554433A.,PERSON:Ahmed Khan|STATION:Peterborough|STATION:Cambridge|STATION:Nottingham|PHONE:07767335300|EMAIL:ahmed.khan51@example.co.uk|POSTCODE:M1 1AE|NI_NUMBER:ZX554433A
74,2026-01-12T15:22:00,Train café reported running out of sandwiches and bottled water on service approaching Doncaster. On-board supervisor Emily Jones logged the issue. Reporting individual provided phone number 07158249272 and email address emily.jones33@example.co.uk. Home postcode listed as LS1 4DY. NI number noted as AB987654D.,PERSON:Emily Jones|STATION:Doncaster|STATION:Bristol Temple Meads|STATION:Birmingham New Street|PHONE:07467382348|EMAIL:emily.jones3@example.co.uk|POSTCODE:B1 1TB|NI_NUMBER:AB987654D
75,2026-01-12T15:30:00,Train café reported running out of sandwiches and bottled water on service approaching Reading. On-board supervisor Natalie Foster logged the issue. Reporting individual provided phone number 07505134797 and email address natalie.foster24@example.co.uk. Home postcode listed as EH1 2NG. NI number noted as WE334455D.,PERSON:Natalie Foster|STATION:Reading|STATION:Reading|STATION:York|PHONE:07105336019|EMAIL:natalie.foster31@example.co.uk|POSTCODE:SW1A 1AA|NI_NUMBER:WE334455D
76,2026-01-12T15:38:00,Passenger David Patel taken ill with suspected heart condition on board train at Leeds. Ambulance requested via control. Reporting individual provided phone number 07448289304 and email address david.patel44@example.co.uk. Home postcode listed as M1 1AE. NI number noted as RP778899C.,PERSON:David Patel|STATION:Leeds|STATION:Crewe|STATION:Nottingham|PHONE:07423931756|EMAIL:david.patel39@example.co.uk|POSTCODE:M1 1AE|NI_NUMBER:RP778899C
77,2026-01-12T15:46:00,Fare evasion incident where passenger David Patel presented an expired Railcard and became verbally abusive at Peterborough. Reporting individual provided phone number 07299730187 and email address david.patel28@example.co.uk. Home postcode listed as SW1A 1AA. NI number noted as RP778899C.,PERSON:David Patel|STATION:Peterborough|STATION:Exeter St Davids|STATION:Doncaster|PHONE:07352715804|EMAIL:david.patel4@example.co.uk|POSTCODE:SW1A 1AA|NI_NUMBER:RP778899C
78,2026-01-12T15:54:00,Passenger Sarah Collins taken ill with suspected heart condition on board train at Manchester Piccadilly. Ambulance requested via control. Reporting individual provided phone number 07555458128 and email address sarah.collins24@example.co.uk. Home postcode listed as NG1 5FS. NI number noted as NX445566B.,PERSON:Sarah Collins|STATION:Manchester Piccadilly|STATION:Peterborough|STATION:Glasgow Central|PHONE:07379302510|EMAIL:sarah.collins89@example.co.uk|POSTCODE:NG1 5FS|NI_NUMBER:NX445566B
79,2026-01-12T16:02:00,Trespassers reported walking along the track near Manchester Piccadilly. CCTV reviewed and warning issued. Report logged by signaller Tom Baker. Reporting individual provided phone number 07866739826 and email address tom.baker15@example.co.uk. Home postcode listed as EH1 2NG. NI number noted as HG667788C.,PERSON:Tom Baker|STATION:Manchester Piccadilly|STATION:Bristol Temple Meads|STATION:Manchester Piccadilly|PHONE:07575239421|EMAIL:tom.baker26@example.co.uk|POSTCODE:SW1A 1AA|NI_NUMBER:HG667788C
80,2026-01-12T16:10:00,Fatality on the line reported near Crewe. Driver John Smith contacted control and stated a person was struck by the 06:42 service. BTP informed. Driver welfare call arranged. Reporting individual provided phone number 07708628030 and email address john.smith57@example.co.uk. Home postcode listed as M1 1AE. NI number noted as QQ123456C.,PERSON:John Smith|STATION:Crewe|STATION:Doncaster|STATION:Oxford|PHONE:07927102790|EMAIL:john.smith79@example.co.uk|POSTCODE:M1 1AE|NI_NUMBER:QQ123456C
81,2026-01-12T16:18:00,Fare evasion incident where passenger Tom Baker presented an expired Railcard and became verbally abusive at Crewe. Reporting individual provided phone number 07354203161 and email address tom.baker66@example.co.uk. Home postcode listed as EH1 2NG. NI number noted as HG667788C.,PERSON:Tom Baker|STATION:Crewe|STATION:Derby|STATION:Nottingham|PHONE:07949073439|EMAIL:tom.baker70@example.co.uk|POSTCODE:B1 1TB|NI_NUMBER:HG667788C
82,2026-01-12T16:26:00,Passenger Ahmed Khan taken ill with suspected heart condition on board train at Exeter St Davids. Ambulance requested via control. Reporting individual provided phone number 07391799537 and email address ahmed.khan5@example.co.uk. Home postcode listed as SW1A 1AA. NI number noted as ZX554433A.,PERSON:Ahmed Khan|STATION:Exeter St Davids|STATION:Peterborough|STATION:Reading|PHONE:07982738158|EMAIL:ahmed.khan28@example.co.uk|POSTCODE:EH1 2NG|NI_NUMBER:ZX554433A
83,2026-01-12T16:34:00,Train café reported running out of sandwiches and bottled water on service approaching Reading. On-board supervisor Tom Baker logged the issue. Reporting individual provided phone number 07712738262 and email address tom.baker49@example.co.uk. Home postcode listed as B1 1TB. NI number noted as HG667788C.,PERSON:Tom Baker|STATION:Reading|STATION:York|STATION:Crewe|PHONE:07322819808|EMAIL:tom.baker12@example.co.uk|POSTCODE:LS1 4DY|NI_NUMBER:HG667788C
84,2026-01-12T16:42:00,Signal failure at Bristol Temple Meads causing widespread delays. Fault reported by technician Michael O'Connor. Reporting individual provided phone number 07403972358 and email address michael.oconnor23@example.co.uk. Home postcode listed as M1 1AE. NI number noted as JT112233A.,PERSON:Michael O'Connor|STATION:Bristol Temple Meads|STATION:Crewe|STATION:Bristol Temple Meads|PHONE:07860949481|EMAIL:michael.oconnor23@example.co.uk|POSTCODE:NG1 5FS|NI_NUMBER:JT112233A
85,2026-01-12T16:50:00,"Wheelchair ramp failure prevented boarding at Oxford. Affected passenger was Laura White, contact details recorded. Reporting individual provided phone number 07983913275 and email address laura.white99@example.co.uk. Home postcode listed as NG1 5FS. NI number noted as KM998877D.",PERSON:Laura White|STATION:Oxford|STATION:London Waterloo|STATION:Derby|PHONE:07195255480|EMAIL:laura.white98@example.co.uk|POSTCODE:SW1A 1AA|NI_NUMBER:KM998877D
86,2026-01-12T16:58:00,Passenger Karen Brown taken ill with suspected heart condition on board train at Birmingham New Street. Ambulance requested via control. Reporting individual provided phone number 07853769912 and email address karen.brown63@example.co.uk. Home postcode listed as M1 1AE. NI number noted as BB445566D.,PERSON:Karen Brown|STATION:Birmingham New Street|STATION:Bristol Temple Meads|STATION:Leeds|PHONE:07727850967|EMAIL:karen.brown72@example.co.uk|POSTCODE:B1 1TB|NI_NUMBER:BB445566D
87,2026-01-12T17:06:00,Trespassers reported walking along the track near Reading. CCTV reviewed and warning issued. Report logged by signaller David Patel. Reporting individual provided phone number 07891445779 and email address david.patel40@example.co.uk. Home postcode listed as B1 1TB. NI number noted as RP778899C.,PERSON:David Patel|STATION:Reading|STATION:Reading|STATION:Cambridge|PHONE:07185386286|EMAIL:david.patel55@example.co.uk|POSTCODE:B1 1TB|NI_NUMBER:RP778899C
88,2026-01-12T17:14:00,Fare evasion incident where passenger Tom Baker presented an expired Railcard and became verbally abusive at London Waterloo. Reporting individual provided phone number 07104943651 and email address tom.baker51@example.co.uk. Home postcode listed as LS1 4DY. NI number noted as HG667788C.,PERSON:Tom Baker|STATION:London Waterloo|STATION:London Waterloo|STATION:London Waterloo|PHONE:07945310003|EMAIL:tom.baker64@example.co.uk|POSTCODE:M1 1AE|NI_NUMBER:HG667788C
89,2026-01-12T17:22:00,Blocked and leaking toilet caused flooding in carriage C on service to Manchester Piccadilly. Reported by train manager Natalie Foster. Reporting individual provided phone number 07267640648 and email address natalie.foster55@example.co.uk. Home postcode listed as SW1A 1AA. NI number noted as WE334455D.,PERSON:Natalie Foster|STATION:Manchester Piccadilly|STATION:Manchester Piccadilly|STATION:Nottingham|PHONE:07826854745|EMAIL:natalie.foster40@example.co.uk|POSTCODE:B1 1TB|NI_NUMBER:WE334455D
90,2026-01-12T17:30:00,Trespassers reported walking along the track near Glasgow Central. CCTV reviewed and warning issued. Report logged by signaller John Smith. Reporting individual provided phone number 07610219342 and email address john.smith1@example.co.uk. Home postcode listed as SW1A 1AA. NI number noted as QQ123456C.,PERSON:John Smith|STATION:Glasgow Central|STATION:Nottingham|STATION:Crewe|PHONE:07671746485|EMAIL:john.smith99@example.co.uk|POSTCODE:EH1 2NG|NI_NUMBER:QQ123456C
91,2026-01-12T17:38:00,Violent conduct incident involving passenger Helen Murray who assaulted another customer on board service from Doncaster to Reading. Police requested. Reporting individual provided phone number 07606589622 and email address helen.murray41@example.co.uk. Home postcode listed as M1 1AE. NI number noted as PL221133B.,PERSON:Helen Murray|STATION:Derby|STATION:Doncaster|STATION:Reading|PHONE:07625572258|EMAIL:helen.murray59@example.co.uk|POSTCODE:SW1A 1AA|NI_NUMBER:PL221133B
92,2026-01-12T17:46:00,Fatality on the line reported near Exeter St Davids. Driver Ahmed Khan contacted control and stated a person was struck by the 06:42 service. BTP informed. Driver welfare call arranged. Reporting individual provided phone number 07744417927 and email address ahmed.khan90@example.co.uk. Home postcode listed as M1 1AE. NI number noted as ZX554433A.,PERSON:Ahmed Khan|STATION:Exeter St Davids|STATION:York|STATION:York|PHONE:07792356709|EMAIL:ahmed.khan18@example.co.uk|POSTCODE:EH1 2NG|NI_NUMBER:ZX554433A
93,2026-01-12T17:54:00,Passenger Emily Jones taken ill with suspected heart condition on board train at Leeds. Ambulance requested via control. Reporting individual provided phone number 07543813628 and email address emily.jones98@example.co.uk. Home postcode listed as M1 1AE. NI number noted as AB987654D.,PERSON:Emily Jones|STATION:Leeds|STATION:York|STATION:Oxford|PHONE:07923075680|EMAIL:emily.jones50@example.co.uk|POSTCODE:EH1 2NG|NI_NUMBER:AB987654D
94,2026-01-12T18:02:00,Fatality on the line reported near York. Driver Helen Murray contacted control and stated a person was struck by the 06:42 service. BTP informed. Driver welfare call arranged. Reporting individual provided phone number 07415096589 and email address helen.murray28@example.co.uk. Home postcode listed as NG1 5FS. NI number noted as PL221133B.,PERSON:Helen Murray|STATION:York|STATION:Reading|STATION:Oxford|PHONE:07587909687|EMAIL:helen.murray83@example.co.uk|POSTCODE:B1 1TB|NI_NUMBER:PL221133B
95,2026-01-12T18:10:00,Violent conduct incident involving passenger Michael O'Connor who assaulted another customer on board service from Cambridge to Cambridge. Police requested. Reporting individual provided phone number 07162365522 and email address michael.oconnor17@example.co.uk. Home postcode listed as B1 1TB. NI number noted as JT112233A.,PERSON:Michael O'Connor|STATION:Derby|STATION:Cambridge|STATION:Cambridge|PHONE:07552604590|EMAIL:michael.oconnor51@example.co.uk|POSTCODE:B1 1TB|NI_NUMBER:JT112233A
96,2026-01-12T18:18:00,Signal failure at Bristol Temple Meads causing widespread delays. Fault reported by technician Ahmed Khan. Reporting individual provided phone number 07886403524 and email address ahmed.khan53@example.co.uk. Home postcode listed as SW1A 1AA. NI number noted as ZX554433A.,PERSON:Ahmed Khan|STATION:Bristol Temple Meads|STATION:Manchester Piccadilly|STATION:Oxford|PHONE:07788239137|EMAIL:ahmed.khan79@example.co.uk|POSTCODE:B1 1TB|NI_NUMBER:ZX554433A
97,2026-01-12T18:26:00,Violent conduct incident involving passenger Michael O'Connor who assaulted another customer on board service from Nottingham to Leeds. Police requested. Reporting individual provided phone number 07189290156 and email address michael.oconnor59@example.co.uk. Home postcode listed as EH1 2NG. NI number noted as JT112233A.,PERSON:Michael O'Connor|STATION:Leeds|STATION:Nottingham|STATION:Leeds|PHONE:07352493757|EMAIL:michael.oconnor17@example.co.uk|POSTCODE:EH1 2NG|NI_NUMBER:JT112233A
98,2026-01-12T18:34:00,Fatality on the line reported near Peterborough. Driver John Smith contacted control and stated a person was struck by the 06:42 service. BTP informed. Driver welfare call arranged. Reporting individual provided phone number 07109986748 and email address john.smith82@example.co.uk. Home postcode listed as M1 1AE. NI number noted as QQ123456C.,PERSON:John Smith|STATION:Peterborough|STATION:York|STATION:Glasgow Central|PHONE:07955209379|EMAIL:john.smith96@example.co.uk|POSTCODE:LS1 4DY|NI_NUMBER:QQ123456C
99,2026-01-12T18:42:00,Violent conduct incident involving passenger David Patel who assaulted another customer on board service from Cambridge to Peterborough. Police requested. Reporting individual provided phone number 07388517450 and email address david.patel5@example.co.uk. Home postcode listed as B1 1TB. NI number noted as RP778899C.,PERSON:David Patel|STATION:Glasgow Central|STATION:Cambridge|STATION:Peterborough|PHONE:07316643560|EMAIL:david.patel71@example.co.uk|POSTCODE:LS1 4DY|NI_NUMBER:RP778899C
100,2026-01-12T18:50:00,Passenger Natalie Foster taken ill with suspected heart condition on board train at Birmingham New Street. Ambulance requested via control. Reporting individual provided phone number 07353056575 and email address natalie.foster87@example.co.uk. Home postcode listed as B1 1TB. NI number noted as WE334455D.,PERSON:Natalie Foster|STATION:Birmingham New Street|STATION:Doncaster|STATION:Glasgow Central|PHONE:07902400480|EMAIL:natalie.foster47@example.co.uk|POSTCODE:EH1 2NG|NI_NUMBER:WE334455D
